product_name,review
Color Black • Microphone Yes,Product is awesome
Color Black • Microphone Yes,Good product but bass not worth.. battery backup normal
Color Black • Microphone Yes,"This neck band I buy 16 June 2024. I am writing feedback 29th April 2025.
This neck band is best of value of money,  Sound quality, battery backup, design very good.
 So, You can definitely buy with c..."
Color Black • Microphone Yes,more
Color Black • Microphone Yes,Very nice 🙂
Color Black • Microphone Yes,Quality is good I'm very happy 😇
Color Black • Microphone Yes,Sincerely I used to boat headphone sound quality are good
Color Black • Microphone Yes,Super sound
Color Black • Microphone Yes,...Its a very great product the sound quality is awesome 😎
Color Black • Microphone Yes,"Product good 😊👍
Sound quality heavy
Battery backup is super"
Color Black • Microphone Yes,"1.Sound quality is good but no deep bass 
2. battery backup is upto only 30 hrs
3. Left side is good sound and bass bt right have slightly less"
Color Black • Microphone Yes,"Received this product in a great price in the Big Billion Sale. I will recommend to get one for yourself. I'm impressed by it's Quality and value for money.
Pros:
1.Clear Sound Quality
2. Wire Quality..."
Color Black • Microphone Yes,more
Color Black • Microphone Yes,Good 👍
Color Black • Microphone Yes,"Excellent 
Nice sound
Smooth"
Color Black • Microphone Yes,Really best for value money I really recommend all of u are looking in lower cost best earphones it will be helpful
Color Black • Microphone Yes,"Super headset
Fast delivery , awesome bass"
Color Black • Microphone Yes,Nice
Color Black • Microphone Yes,Best 💫💫
Color Black • Microphone Yes,"Excellent hands free
Very good bass quality
Almost 3 days battery back up with 8 hrs of calling time.
Good value for money.
Can go for it."
Color Black • Microphone Yes,Good quality 👌
Color Black • Microphone Yes,Wow 👌 awesome but the adjust on our ears 👂 isn't we'll the quality is good 😉 ❤️ I love it ❤️
Color Black • Microphone Yes,This product is fantastic 😍
Color Black • Microphone Yes,Product ok
Color Black • Microphone Yes,Product battery backup 24 hour
Color Black • Microphone Yes,Very nice
Color Black • Microphone Yes,Ok
Color Black • Microphone Yes,"Good product 
Sound quality perfect 
Bettery backup avarage 
I used it for one day so I can't say much."
Color Black • Microphone Yes,Nice a sound quality and value of money
Color Black • Microphone Yes,"Very good product, must buy"
Color Black • Microphone Yes,"I am using this product since 5 months and my honest review is here
Sound :-  4/5
Bass :- 4/5
Build quality:- 5/5
Ear comfort:- 2/5  (I can't even use 1 hour continuously)
Battery backup:- 4/5 
Value ..."
Color Black • Microphone Yes,more
Color Black • Microphone Yes,Good 😊
Color Black • Microphone Yes,Nice product
Color Black • Microphone Yes,Very nice sound quality
Color Black • Microphone Yes,The product quality is excellent and the sound of the product is also very nice .
Color Black • Microphone Yes,Good
Color Black • Microphone Yes,Value for money build quality good
Color Black • Microphone Yes,Good
Color Black • Microphone Yes,"call , bass , looks , quality 
⚡⚡⚡⚡⚡"
Color Black • Microphone Yes,Good quality and base
Color Black • Microphone Yes,Very nice
Color Black • Microphone Yes,Design quality very poor
Color Black • Microphone Yes,V.good product 🥳
Color Black • Microphone Yes,"*Rockerz 110 Neckband Headphones Review*

The Rockerz 110 neckband headphones offer a fantastic blend of sound quality, build durability, and design that stands out among budget headphones.

Sound Qua..."
Color Black • Microphone Yes,more
Color Black • Microphone Yes,Good
Color Black • Microphone Yes,"I love it. It's so good and has a good sound quality, the volume is awesome.
Amazing product thank you for the product ✨🙏👏👏"
Color Black • Microphone Yes,Very nice and cool.....
Color Black • Microphone Yes,Super 👌 👍
Color Black • Microphone Yes,Actual Battery back up is 24 hrs.
Color Black • Microphone Yes,Super
Color Black • Microphone Yes,Best product
Color Black • Microphone Yes,Okay
Color Black • Microphone Yes,Nice
Color Black • Microphone Yes,"Bass is good.
Sound quality is decent.
Calling is good.
Overall balanced product for 1k.
Recommended 👍"
Color Black • Microphone Yes,Worst 😭😔😔😔😔 🤮🤢🤮🤢 Product Ever don't buy it
Color Black • Microphone Yes,"Value for money product.
The bass is good."
Color Black • Microphone Yes,Love. 😊👆
Color Black • Microphone Yes,Nice
Color Black • Microphone Yes,good
Color Black • Microphone Yes,Very good
Color Black • Microphone Yes,Good
Color Black • Microphone Yes,"Best product 😉 
Thankuu flipkart 💝"
Color Black • Microphone Yes,Everything 😍 is good the base and sound is too Good value for money 💰 just by it if you are looking in this range
Color Black • Microphone Yes,Product is good and nice 👍.fully satisfied.👍
Color Black • Microphone Yes,Bass is awesome overall sound quality is good. I love this product
Color Black • Microphone Yes,Bass is there on a moderate level (which i like it). These product not for those who purchase boat only  for heavy bass. Battery back up is good if you use it around 50% volume. Dual connectivity in t...
Color Black • Microphone Yes,more
Color Black • Microphone Yes,Very useful product 👌
Color Black • Microphone Yes,This product is very good 👍
Color Black • Microphone Yes,Nice
Color Black • Microphone Yes,"Overall very good Blootooth headphone. 
After using the headphone I am posting review and ratings."
Color Black • Microphone Yes,Very super
Color Black • Microphone Yes,Quality is to good superb
Color Black • Microphone Yes,Super
Color Black • Microphone Yes,Very nice product ....... value for money
Color Black • Microphone Yes,"Pros:
1. Best build quality in this price range with braided wires.
2. Overall good sound and bass
3. Battery life is as amazing as mentioned

Cons:
1. The buds feel a bit heavy sometimes due to havin..."
Color Black • Microphone Yes,more
Color Black • Microphone Yes,Good quality
Color Black • Microphone Yes,For me I think it's not good.... while riding bike when I talk on a call it's always full of wind noise.... When I use 255 pro+ it's perfect...So it's not for me.. and one more thing the charging plac...
Color Black • Microphone Yes,more
Color Black • Microphone Yes,Accidentally the wire been bent now oanly one side is only i could hear
Color Black • Microphone Yes,Average sound quality.. better go for Sennheiser
Color Black • Microphone Yes,Nice product🥰
Color Black • Microphone Yes,Overall good ✨
Color Black • Microphone Yes,Best 👏🤗
Color Black • Microphone Yes,Very good product
Color Black • Microphone Yes,"My rate this product out of 5👇
Sound quality 4/5
Battery life 4/5
Bass quality 3/5
Build quality good 
Bass quality decent 🆗 
Overall good product 💯"
Color Black • Microphone Yes,"Boat headphones are value for money, sound clarity and bass are too good."
Color Black • Microphone Yes,Value for money
Color Black • Microphone Yes,Good product!! Design and material quality is very good in this range of product
Color Black • Microphone Yes,Sound quality good and also battery backup
Color Black • Microphone Yes,Good
Color Black • Microphone Yes,Very good
Color Black • Microphone Yes,V good
